,Date,Thread Title,Thread ID,Thread Name,Number of Comments,Score,Subreddit
0,Feb-05-2017,Post Game Memes Thread - Super Bowl 51,5sbo3p,t3_5sbo3p,720,1368,nfl
1,Dec-17-2017,Post Game Thread: New England Patriots (11-3) at Pittsburgh Steelers (11-3),7khkcz,t3_7khkcz,8095,3385,nfl
2,Feb-05-2017,Super Bowl 51 Post Game Thread: New England Patriots (14-2) at Atlanta Falcons (11-5),5sbo03,t3_5sbo03,4410,3097,nfl
3,Sep-07-2017,Post Game Thread: Kansas City Chiefs at New England Patriots,6ysc10,t3_6ysc10,4438,2776,nfl
4,Apr-23-2017,r/NFL Survivor Post game / Improvement thread,6730ir,t3_6730ir,1369,2151,nfl
5,Oct-19-2017,Post Game Thread: Kansas City Chiefs at Oakland Raiders,77jhvs,t3_77jhvs,3277,1693,nfl
6,Sep-24-2017,Post Game Thread: Atlanta Falcons at Detroit Lions,727d8y,t3_727d8y,2884,1761,nfl
7,Oct-08-2017,Post Game Thread: Green Bay Packers at Dallas Cowboys,7557aa,t3_7557aa,2630,1801,nfl
8,Jan-21-2018,Post Game Thread: Jacksonville Jaguars (12-7) at New England Patriots (15-3),7s1ctx,t3_7s1ctx,8060,3619,nfl
9,Jan-14-2018,Post Game Thread: New Orleans Saints (12-6) at Minnesota Vikings (14-3),7qg7jm,t3_7qg7jm,7035,5273,nfl
10,Oct-01-2017,Post Game Thread: Carolina Panthers at New England Patriots,73nwlo,t3_73nwlo,1655,1928,nfl
11,Oct-12-2017,Post Game Thread: Philadelphia Eagles at Carolina Panthers,7625ve,t3_7625ve,2397,1053,nfl
12,Jan-21-2018,Post Game Thread: Minnesota Vikings (14-4) at Philadelphia Eagles (15-3),7s2ohv,t3_7s2ohv,5046,2852,nfl
13,Jan-13-2018,Post Game Thread: Atlanta Falcons (11-7) at Philadelphia Eagles (14-3),7q8lex,t3_7q8lex,4070,3059,nfl
14,Jan-14-2018,Post Game Thread: Jacksonville Jaguars (12-6) at Pittsburgh Steelers (13-4),7qes6i,t3_7qes6i,4573,4392,nfl
15,Jan-06-2018,Post Game Thread: Tennessee Titans (10-7) at Kansas City Chiefs (10-7),7oncmv,t3_7oncmv,3469,2810,nfl
16,Dec-03-2017,Post Game Thread: Philadelphia Eagles (10-2) at Seattle Seahawks (8-4),7hf1jx,t3_7hf1jx,2684,1160,nfl
17,Oct-05-2017,Post Game Thread: New England Patriots at Tampa Bay Buccaneers,74l37i,t3_74l37i,2029,851,nfl
18,Sep-24-2017,Post Game Thread: Houston Texans at New England Patriots,727dct,t3_727dct,1594,1118,nfl
19,Oct-29-2017,Post Game Thread: Houston Texans at Seattle Seahawks,79jsd7,t3_79jsd7,1294,1412,nfl
20,Dec-04-2017,Post Game Thread: Pittsburgh Steelers (10-2) at Cincinnati Bengals (5-7),7hnfo9,t3_7hnfo9,2761,721,nfl
21,Jan-07-2018,Post Game Thread: Buffalo Bills (9-8) at Jacksonville Jaguars (11-6),7oterc,t3_7oterc,2657,1544,nfl
22,Nov-19-2017,Post Game Thread: Philadelphia Eagles (9-1) at Dallas Cowboys (5-5),7e6ak7,t3_7e6ak7,2299,1324,nfl
23,Dec-11-2017,Post Game Thread: New England Patriots (10-3) at Miami Dolphins (6-7),7j8cwz,t3_7j8cwz,2351,1298,nfl
24,Oct-02-2017,Post Game Thread: Washington Redskins at Kansas City Chiefs,73xwoo,t3_73xwoo,1768,846,nfl
25,Sep-10-2017,Post Game Thread: Seattle Seahawks at Green Bay Packers,6zbonh,t3_6zbonh,1912,710,nfl
26,Oct-22-2017,Post Game Thread: Atlanta Falcons at New England Patriots,7852f0,t3_7852f0,1477,1049,nfl
27,Dec-31-2017,Post Game Thread: Cleveland Browns (0-16) at Pittsburgh Steelers (13-3),7nb0jo,t3_7nb0jo,1209,2318,nfl
28,Dec-11-2017,Post Game Thread: Baltimore Ravens (7-6) at Pittsburgh Steelers (11-2),7izyrp,t3_7izyrp,2288,844,nfl
29,Sep-21-2017,Post Game Thread: Los Angeles Rams at San Francisco 49ers,71oew8,t3_71oew8,1486,1054,nfl
30,Oct-15-2017,Post Game Thread: New York Giants at Denver Broncos,76ntha,t3_76ntha,1489,1046,nfl
31,Sep-14-2017,Post Game Thread: Houston Texans at Cincinnati Bengals,707bq0,t3_707bq0,1503,790,nfl
32,Sep-24-2017,Post Game Thread: Oakland Raiders at Washington Redskins,729x12,t3_729x12,1560,762,nfl
33,Sep-18-2017,Post Game Thread: Detroit Lions at New York Giants,710bnp,t3_710bnp,1569,868,nfl
34,Jan-07-2018,Post Game Thread: Carolina Panthers (11-6) at New Orleans Saints (12-5),7out95,t3_7out95,3858,1558,nfl
35,Oct-23-2017,Post Game Thread: Washington Redskins at Philadelphia Eagles,78d467,t3_78d467,1328,818,nfl
36,Dec-07-2017,Post Game Thread: New Orleans Saints (9-4) at Atlanta Falcons (8-5),7icg4e,t3_7icg4e,2057,843,nfl
37,Dec-10-2017,Post Game Thread: Green Bay Packers (7-6) at Cleveland Browns (0-13),7iwuzw,t3_7iwuzw,1426,1383,nfl
38,Sep-17-2017,Post Game Thread: Green Bay Packers at Atlanta Falcons,70sfc2,t3_70sfc2,1256,803,nfl
39,Dec-17-2017,Post Game Thread: Dallas Cowboys (8-6) at Oakland Raiders (6-8),7kj19i,t3_7kj19i,1846,803,nfl
40,Dec-24-2017,Post Game Thread: Jacksonville Jaguars (10-5) at San Francisco 49ers (5-10),7lyixn,t3_7lyixn,1090,1476,nfl
41,Sep-24-2017,Post Game Thread: Baltimore Ravens at Jacksonville Jaguars,72618t,t3_72618t,724,1159,nfl
42,Sep-10-2017,Post Game Thread: New York Giants at Dallas Cowboys,6zcw0m,t3_6zcw0m,1554,916,nfl
43,Sep-28-2017,Post Game Thread: Chicago Bears at Green Bay Packers,7359tn,t3_7359tn,1225,585,nfl
44,Nov-20-2017,Post Game Thread: Atlanta Falcons (6-4) at Seattle Seahawks (6-4),7efah2,t3_7efah2,1722,730,nfl
45,Nov-23-2017,Post Game Thread: Los Angeles Chargers (5-6) at Dallas Cowboys (5-6),7f3osr,t3_7f3osr,1425,1009,nfl
46,Nov-12-2017,Post Game Thread: New England Patriots at Denver Broncos,7cknkb,t3_7cknkb,1145,767,nfl
47,Nov-26-2017,Post Game Thread: Green Bay Packers (5-6) at Pittsburgh Steelers (9-2),7fsll2,t3_7fsll2,1674,795,nfl
48,Jan-06-2018,Post Game Thread: Atlanta Falcons (11-6) at Los Angeles Rams (11-6),7oojy5,t3_7oojy5,2404,1590,nfl
49,Sep-25-2017,Post Game Thread: Dallas Cowboys at Arizona Cardinals,72hr5w,t3_72hr5w,1167,624,nfl
50,Sep-12-2017,Post Game Thread: Los Angeles Chargers at Denver Broncos,6zkzb5,t3_6zkzb5,1192,660,nfl
51,Oct-26-2017,Post Game Thread: Miami Dolphins at Baltimore Ravens,790oot,t3_790oot,1097,666,nfl
52,Sep-17-2017,Post Game Thread: Dallas Cowboys at Denver Broncos,70r2vo,t3_70r2vo,1062,760,nfl
53,Dec-10-2017,Post Game Thread: Seattle Seahawks (8-5) at Jacksonville Jaguars (9-4),7iybkw,t3_7iybkw,1491,641,nfl
54,Oct-01-2017,Post Game Thread: Los Angeles Rams at Dallas Cowboys,73nwiv,t3_73nwiv,838,877,nfl
55,Jan-13-2018,Post Game Thread: Tennessee Titans (10-8) at New England Patriots (14-3),7q9ukx,t3_7q9ukx,2734,1236,nfl
56,Oct-09-2017,Post Game Thread: Minnesota Vikings at Chicago Bears,75efqs,t3_75efqs,1102,600,nfl
57,Nov-23-2017,Post Game Thread: Minnesota Vikings (9-2) at Detroit Lions (6-5),7f2jqn,t3_7f2jqn,1299,862,nfl
58,Nov-19-2017,Post Game Thread: Los Angeles Rams (7-3) at Minnesota Vikings (8-2),7e3i4v,t3_7e3i4v,999,1124,nfl
59,Oct-08-2017,Post Game Thread: Kansas City Chiefs at Houston Texans,756hmd,t3_756hmd,894,656,nfl
60,Oct-01-2017,Post Game Thread: Buffalo Bills at Atlanta Falcons,73nwnq,t3_73nwnq,872,600,nfl
61,Sep-24-2017,Post Game Thread: New York Giants at Philadelphia Eagles,727d5l,t3_727d5l,849,688,nfl
62,Sep-11-2017,Post Game Thread: New Orleans Saints at Minnesota Vikings,6zk2ej,t3_6zk2ej,854,679,nfl
63,Nov-12-2017,Post Game Thread: Dallas Cowboys at Atlanta Falcons,7cj9wp,t3_7cj9wp,907,578,nfl
64,Oct-01-2017,Post Game Thread: Indianapolis Colts at Seattle Seahawks,73qevl,t3_73qevl,841,562,nfl
65,Oct-15-2017,Post Game Thread: New England Patriots at New York Jets,76lac8,t3_76lac8,1067,399,nfl
66,Nov-12-2017,Post Game Thread: New York Giants at San Francisco 49ers,7cj9vk,t3_7cj9vk,660,789,nfl
67,Dec-23-2017,Post Game Thread: Minnesota Vikings (12-3) at Green Bay Packers (7-8),7lt923,t3_7lt923,1137,692,nfl
68,Oct-16-2017,Post Game Thread: Indianapolis Colts at Tennessee Titans,76vved,t3_76vved,845,516,nfl
69,Oct-15-2017,Post Game Thread: Pittsburgh Steelers at Kansas City Chiefs,76mj2l,t3_76mj2l,836,515,nfl
70,Dec-03-2017,Post Game Thread: Minnesota Vikings (10-2) at Atlanta Falcons (7-5),7hc95e,t3_7hc95e,970,790,nfl
71,Sep-24-2017,Post Game Thread: Cincinnati Bengals at Green Bay Packers,728mvu,t3_728mvu,824,523,nfl
72,Nov-06-2017,Post Game Thread: Detroit Lions (4-4) at Green Bay Packers (4-4),7bas5y,t3_7bas5y,1043,587,nfl
73,Nov-05-2017,Post Game Thread: Washington Redskins at Seattle Seahawks,7b1cz6,t3_7b1cz6,947,387,nfl
74,Dec-17-2017,Post Game Thread: Tennessee Titans (8-6) at San Francisco 49ers (4-10),7khn6y,t3_7khn6y,959,749,nfl
75,Oct-08-2017,Post Game Thread: Jacksonville Jaguars at Pittsburgh Steelers,75405r,t3_75405r,617,652,nfl
76,Oct-29-2017,Post Game Thread: Pittsburgh Steelers at Detroit Lions,79l7ef,t3_79l7ef,818,482,nfl
77,Dec-25-2017,Post Game Thread: Oakland Raiders (6-9) at Philadelphia Eagles (13-2),7m5t2g,t3_7m5t2g,1117,574,nfl
78,Sep-10-2017,Post Game Thread: Philadelphia Eagles at Washington Redskins,6zajss,t3_6zajss,674,572,nfl
79,Dec-18-2017,Post Game Thread: Atlanta Falcons (9-5) at Tampa Bay Buccaneers (4-10),7kqxro,t3_7kqxro,1128,535,nfl
80,Nov-19-2017,Post Game Thread: Washington Redskins (4-6) at New Orleans Saints (8-2),7e3ntb,t3_7e3ntb,879,779,nfl
81,Nov-02-2017,Post Game Thread: Buffalo Bills at New York Jets,7agsr4,t3_7agsr4,773,507,nfl
82,Sep-24-2017,Post Game Thread: Pittsburgh Steelers at Chicago Bears,727d6i,t3_727d6i,771,464,nfl
83,Nov-30-2017,Post Game Thread: Washington Redskins (5-7) at Dallas Cowboys (6-6),7gsjiz,t3_7gsjiz,943,550,nfl
84,Nov-09-2017,Post Game Thread: Seattle Seahawks at Arizona Cardinals,7bysae,t3_7bysae,699,481,nfl
85,Oct-01-2017,Post Game Thread: Tennessee Titans at Houston Texans,73nwpy,t3_73nwpy,486,665,nfl
86,Oct-30-2017,Post Game Thread: Denver Broncos at Kansas City Chiefs,79t3z5,t3_79t3z5,723,463,nfl
87,Oct-22-2017,Post Game Thread: Carolina Panthers at Chicago Bears,782hos,t3_782hos,574,541,nfl
88,Nov-05-2017,Post Game Thread: Denver Broncos at Philadelphia Eagles,7b08ml,t3_7b08ml,570,616,nfl
89,Sep-10-2017,Post Game Thread: Jacksonville Jaguars at Houston Texans,6zajvw,t3_6zajvw,468,639,nfl
90,Sep-10-2017,Post Game Thread: Indianapolis Colts at Los Angeles Rams,6zbkpe,t3_6zbkpe,517,653,nfl
91,Nov-13-2017,Post Game Thread: Miami Dolphins at Carolina Panthers,7ct32h,t3_7ct32h,642,512,nfl
92,Nov-19-2017,Post Game Thread: Kansas City Chiefs (6-4) at New York Giants (2-8),7e3lse,t3_7e3lse,714,711,nfl
93,Sep-17-2017,Post Game Thread: New England Patriots at New Orleans Saints,70pu77,t3_70pu77,623,521,nfl
94,Nov-05-2017,Post Game Thread: Kansas City Chiefs at Dallas Cowboys,7b1h76,t3_7b1h76,675,434,nfl
95,Sep-24-2017,Post Game Thread: Seattle Seahawks at Tennessee Titans,728ivu,t3_728ivu,622,405,nfl
96,Oct-15-2017,Post Game Thread: Miami Dolphins at Atlanta Falcons,76laae,t3_76laae,515,460,nfl
97,Oct-29-2017,Post Game Thread: Minnesota Vikings at Cleveland Browns,79hdj4,t3_79hdj4,515,454,nfl
98,Aug-09-2017,Post Game Thread: Houston Texans at Carolina Panthers,6sqgvi,t3_6sqgvi,539,411,nfl
99,Oct-01-2017,Post Game Thread: Philadelphia Eagles at Los Angeles Chargers,73p0qv,t3_73p0qv,483,489,nfl
100,Oct-08-2017,Post Game Thread: Seattle Seahawks at Los Angeles Rams,7553bh,t3_7553bh,641,348,nfl
101,Oct-01-2017,Post Game Thread: New Orleans Saints at Miami Dolphins,73mm2k,t3_73mm2k,427,545,nfl
102,Nov-05-2017,Post Game Thread: Oakland Raiders at Miami Dolphins,7b2tyg,t3_7b2tyg,535,439,nfl
103,Nov-26-2017,Post Game Thread: Chicago Bears (3-8) at Philadelphia Eagles (10-1),7fpts2,t3_7fpts2,577,551,nfl
104,Sep-10-2017,Post Game Thread: Pittsburgh Steelers at Cleveland Browns,6zajwi,t3_6zajwi,510,381,nfl
105,Dec-10-2017,Post Game Thread: Minnesota Vikings (10-3) at Carolina Panthers (9-4),7iwsur,t3_7iwsur,791,410,nfl
106,Oct-22-2017,Post Game Thread: Denver Broncos at Los Angeles Chargers,783qex,t3_783qex,483,381,nfl
107,Dec-17-2017,Post Game Thread: Los Angeles Rams (10-4) at Seattle Seahawks (8-6),7khk5d,t3_7khk5d,496,633,nfl
108,Oct-01-2017,Post Game Thread: Detroit Lions at Minnesota Vikings,73nwk3,t3_73nwk3,519,317,nfl
109,Dec-17-2017,Post Game Thread: Green Bay Packers (7-7) at Carolina Panthers (10-4),7kgh6o,t3_7kgh6o,779,352,nfl
110,Sep-24-2017,Post Game Thread: Denver Broncos at Buffalo Bills,727dbl,t3_727dbl,510,368,nfl
111,Sep-10-2017,Post Game Thread: Arizona Cardinals at Detroit Lions,6zajtk,t3_6zajtk,387,438,nfl
112,Dec-24-2017,Post Game Thread: Seattle Seahawks (9-6) at Dallas Cowboys (8-7),7lyh7j,t3_7lyh7j,611,466,nfl
113,Oct-15-2017,Post Game Thread: Green Bay Packers at Minnesota Vikings,76laem,t3_76laem,505,285,nfl
114,Dec-16-2017,Post Game Thread: Los Angeles Chargers (7-7) at Kansas City Chiefs (8-6),7kbxwd,t3_7kbxwd,546,501,nfl
115,Nov-23-2017,Post Game Thread: New York Giants (2-9) at Washington Redskins (5-6),7f50xg,t3_7f50xg,642,401,nfl
116,Dec-14-2017,Post Game Thread: Denver Broncos (5-9) at Indianapolis Colts (3-11),7jxefg,t3_7jxefg,562,403,nfl
117,Oct-08-2017,Post Game Thread: Carolina Panthers at Detroit Lions,75409c,t3_75409c,489,281,nfl
118,Nov-19-2017,Post Game Thread: New England Patriots (8-2) at Oakland Raiders (4-6),7e4vhs,t3_7e4vhs,614,408,nfl
119,Dec-10-2017,Post Game Thread: Philadelphia Eagles (11-2) at Los Angeles Rams (9-4),7iye1n,t3_7iye1n,615,411,nfl
120,Oct-01-2017,Post Game Thread: New York Giants at Tampa Bay Buccaneers,73p0q2,t3_73p0q2,511,278,nfl
121,Oct-29-2017,Post Game Thread: Dallas Cowboys at Washington Redskins,79jwiq,t3_79jwiq,464,297,nfl
122,Dec-16-2017,Post Game Thread: Chicago Bears (4-10) at Detroit Lions (8-6),7kaqg3,t3_7kaqg3,552,406,nfl
123,Nov-12-2017,Post Game Thread: Green Bay Packers at Chicago Bears,7chzi0,t3_7chzi0,480,319,nfl
124,Nov-26-2017,Post Game Thread: Buffalo Bills (6-5) at Kansas City Chiefs (6-5),7fps8z,t3_7fps8z,610,376,nfl
125,Aug-03-2017,Post Game Thread: Arizona Cardinals (0-0) at Dallas Cowboys (0-0),6rhrxf,t3_6rhrxf,351,428,nfl
126,Nov-27-2017,Post Game Thread: Houston Texans (4-7) at Baltimore Ravens (6-5),7g1jea,t3_7g1jea,623,322,nfl
127,Sep-17-2017,Post Game Thread: Philadelphia Eagles at Kansas City Chiefs,70pu35,t3_70pu35,405,366,nfl
128,Sep-10-2017,Post Game Thread: Atlanta Falcons at Chicago Bears,6zajuc,t3_6zajuc,364,358,nfl
129,Nov-12-2017,Post Game Thread: Minnesota Vikings at Washington Redskins,7chziq,t3_7chziq,319,397,nfl
130,Sep-17-2017,Post Game Thread: San Francisco 49ers at Seattle Seahawks,70r2wu,t3_70r2wu,493,241,nfl
131,Nov-26-2017,Post Game Thread: New Orleans Saints (8-3) at Los Angeles Rams (8-3),7fr6ca,t3_7fr6ca,491,444,nfl
132,Oct-22-2017,Post Game Thread: New Orleans Saints at Green Bay Packers,782hmy,t3_782hmy,441,310,nfl
133,Oct-01-2017,Post Game Thread: Oakland Raiders at Denver Broncos,73p4oz,t3_73p4oz,479,259,nfl
134,Sep-17-2017,Post Game Thread: Miami Dolphins at Los Angeles Chargers,70qys1,t3_70qys1,357,370,nfl
135,Nov-12-2017,Post Game Thread: New Orleans Saints at Buffalo Bills,7chzen,t3_7chzen,334,384,nfl
136,Nov-12-2017,Post Game Thread: Los Angeles Chargers at Jacksonville Jaguars,7chzh8,t3_7chzh8,457,259,nfl
137,Oct-29-2017,Post Game Thread: Los Angeles Chargers at New England Patriots,79io7t,t3_79io7t,440,262,nfl
138,Dec-23-2017,Post Game Thread: Indianapolis Colts (3-12) at Baltimore Ravens (9-6),7ls44d,t3_7ls44d,459,389,nfl
139,Oct-08-2017,Post Game Thread: Arizona Cardinals at Philadelphia Eagles,75407u,t3_75407u,257,377,nfl
140,Sep-24-2017,Post Game Thread: Kansas City Chiefs at Los Angeles Chargers,728mwk,t3_728mwk,385,285,nfl
141,Oct-22-2017,Post Game Thread: Seattle Seahawks at New York Giants,783qgg,t3_783qgg,399,251,nfl
142,Dec-03-2017,Post Game Thread: Tampa Bay Buccaneers (4-8) at Green Bay Packers (6-6),7hccs2,t3_7hccs2,507,283,nfl
143,Oct-22-2017,Post Game Thread: Dallas Cowboys at San Francisco 49ers,783m8f,t3_783m8f,330,305,nfl
144,Aug-13-2017,Post Game Thread: Seattle Seahawks (0-0) at Los Angeles Chargers (0-0),6tjr8e,t3_6tjr8e,356,277,nfl
145,Nov-19-2017,Post Game Thread: Detroit Lions (6-4) at Chicago Bears (3-7),7e3hup,t3_7e3hup,393,365,nfl
146,Dec-31-2017,Post Game Thread: Cincinnati Bengals (7-9) at Baltimore Ravens (9-7),7nc95t,t3_7nc95t,397,403,nfl
147,Oct-15-2017,Post Game Thread: San Francisco 49ers at Washington Redskins,76lad3,t3_76lad3,489,143,nfl
148,Dec-24-2017,Post Game Thread: Buffalo Bills (8-7) at New England Patriots (12-3),7lxhwc,t3_7lxhwc,538,250,nfl
149,Oct-22-2017,Post Game Thread: Cincinnati Bengals at Pittsburgh Steelers,783qfn,t3_783qfn,398,214,nfl
150,Dec-10-2017,Post Game Thread: San Francisco 49ers (3-10) at Houston Texans (4-9),7iwv9j,t3_7iwv9j,373,410,nfl
151,Dec-24-2017,Post Game Thread: Cleveland Browns (0-15) at Chicago Bears (5-10),7lxgbm,t3_7lxgbm,310,405,nfl
152,Aug-10-2017,Post Game Thread: Denver Broncos at Chicago Bears,6syh58,t3_6syh58,368,212,nfl
153,Oct-01-2017,Post Game Thread: Pittsburgh Steelers at Baltimore Ravens,73nwoy,t3_73nwoy,358,214,nfl
154,Dec-17-2017,Post Game Thread: Philadelphia Eagles (12-2) at New York Giants (2-12),7kgj9v,t3_7kgj9v,384,363,nfl
155,Oct-22-2017,Post Game Thread: Arizona Cardinals at Los Angeles Rams,782ho0,t3_782ho0,255,342,nfl
156,Aug-21-2017,Post Game Thread: New York Giants at Cleveland Browns,6v8avk,t3_6v8avk,385,204,nfl
157,Oct-29-2017,Post Game Thread: San Francisco 49ers at Philadelphia Eagles,79io8q,t3_79io8q,249,341,nfl
158,Oct-29-2017,Post Game Thread: Chicago Bears at New Orleans Saints,79iobl,t3_79iobl,379,209,nfl
159,Dec-31-2017,Post Game Thread: Dallas Cowboys (9-7) at Philadelphia Eagles (13-3),7nay75,t3_7nay75,465,244,nfl
160,Dec-03-2017,Post Game Thread: San Francisco 49ers (1-10) at Chicago Bears (3-8),7hcb1z,t3_7hcb1z,332,367,nfl
161,Dec-24-2017,Post Game Thread: Atlanta Falcons (9-6) at New Orleans Saints (11-4),7lxhxn,t3_7lxhxn,510,188,nfl
162,Sep-10-2017,Post Game Thread: Oakland Raiders at Tennessee Titans,6zajv9,t3_6zajv9,259,284,nfl
163,Dec-03-2017,Post Game Thread: Kansas City Chiefs (6-5) at New York Jets (4-7),7hchlx,t3_7hchlx,396,293,nfl
164,Nov-05-2017,Post Game Thread: Los Angeles Rams at New York Giants,7b08q0,t3_7b08q0,225,326,nfl
165,Sep-17-2017,Post Game Thread: Tennessee Titans at Jacksonville Jaguars,70pu51,t3_70pu51,312,206,nfl
166,Dec-25-2017,Post Game Thread: Pittsburgh Steelers (12-3) at Houston Texans (4-11),7m4lc5,t3_7m4lc5,369,323,nfl
167,Sep-17-2017,Post Game Thread: Minnesota Vikings at Pittsburgh Steelers,70pu64,t3_70pu64,349,167,nfl
168,Nov-12-2017,Post Game Thread: Houston Texans at Los Angeles Rams,7cj5s2,t3_7cj5s2,270,264,nfl
169,Oct-29-2017,Post Game Thread: Oakland Raiders at Buffalo Bills,79io6u,t3_79io6u,300,234,nfl
170,Aug-17-2017,Post Game Thread: Tampa Bay Buccaneers at Jacksonville Jaguars,6uf63a,t3_6uf63a,316,216,nfl
171,Oct-22-2017,Post Game Thread: Jacksonville Jaguars at Indianapolis Colts,782hly,t3_782hly,230,261,nfl
172,Sep-10-2017,Post Game Thread: Baltimore Ravens at Cincinnati Bengals,6zajr0,t3_6zajr0,202,296,nfl
173,Aug-19-2017,Post Game Thread: Minnesota Vikings at Seattle Seahawks,6un9xk,t3_6un9xk,292,196,nfl
174,Nov-12-2017,Post Game Thread: Cleveland Browns at Detroit Lions,7chzdl,t3_7chzdl,303,179,nfl
175,Nov-05-2017,Post Game Thread: Cincinnati Bengals at Jacksonville Jaguars,7b08p4,t3_7b08p4,318,161,nfl
176,Nov-19-2017,Post Game Thread: Buffalo Bills (5-5) at Los Angeles Chargers (4-6),7e4rq5,t3_7e4rq5,283,332,nfl
177,Oct-15-2017,Post Game Thread: Los Angeles Chargers at Oakland Raiders,76mj3i,t3_76mj3i,283,224,nfl
178,Oct-22-2017,Post Game Thread: Baltimore Ravens at Minnesota Vikings,782hk1,t3_782hk1,228,239,nfl
179,Sep-24-2017,Post Game Thread: Tampa Bay Buccaneers at Minnesota Vikings,727d7b,t3_727d7b,214,269,nfl
180,Sep-17-2017,Post Game Thread: Cleveland Browns at Baltimore Ravens,70pu9w,t3_70pu9w,301,191,nfl
181,Nov-26-2017,Post Game Thread: Miami Dolphins (4-7) at New England Patriots (9-2),7fpuhp,t3_7fpuhp,297,298,nfl
182,Dec-03-2017,Post Game Thread: New England Patriots (9-2) at Buffalo Bills (6-5),7hccdp,t3_7hccdp,385,193,nfl
183,Nov-19-2017,Post Game Thread: Jacksonville Jaguars (7-3) at Cleveland Browns (0-10),7e3j78,t3_7e3j78,324,256,nfl
184,Nov-26-2017,Post Game Thread: Cleveland Browns (0-11) at Cincinnati Bengals (5-6),7fpqcu,t3_7fpqcu,398,159,nfl
185,Dec-24-2017,Post Game Thread: Tampa Bay Buccaneers (4-11) at Carolina Panthers (11-4),7lxiwh,t3_7lxiwh,384,193,nfl
186,Nov-26-2017,Post Game Thread: Jacksonville Jaguars (7-4) at Arizona Cardinals (5-6),7fr9mp,t3_7fr9mp,318,255,nfl
187,Aug-27-2017,Post Game Thread: San Francisco 49ers at Minnesota Vikings,6wgrcx,t3_6wgrcx,228,241,nfl
188,Oct-01-2017,Post Game Thread: Jacksonville Jaguars at New York Jets,73nwku,t3_73nwku,290,181,nfl
189,Oct-15-2017,Post Game Thread: Los Angeles Rams at Jacksonville Jaguars,76mewy,t3_76mewy,245,198,nfl
190,Nov-26-2017,Post Game Thread: Denver Broncos (3-8) at Oakland Raiders (5-6),7fr63q,t3_7fr63q,366,178,nfl
191,Oct-15-2017,Post Game Thread: Chicago Bears at Baltimore Ravens,76ladr,t3_76ladr,250,204,nfl
192,Oct-01-2017,Post Game Thread: San Francisco 49ers at Arizona Cardinals,73p0pe,t3_73p0pe,297,148,nfl
193,Jan-28-2018,Post Game Thread: NFC at AFC,7tnpsq,t3_7tnpsq,420,412,nfl
194,Dec-03-2017,Post Game Thread: Carolina Panthers (8-4) at New Orleans Saints (9-3),7hdn6c,t3_7hdn6c,319,219,nfl
195,Dec-24-2017,Post Game Thread: Los Angeles Rams (11-4) at Tennessee Titans (8-7),7lxkzg,t3_7lxkzg,226,276,nfl
196,Oct-08-2017,Post Game Thread: Los Angeles Chargers at New York Giants,75408h,t3_75408h,226,201,nfl
197,Sep-10-2017,Post Game Thread: Carolina Panthers at San Francisco 49ers,6zbomn,t3_6zbomn,250,184,nfl
198,Nov-19-2017,Post Game Thread: Baltimore Ravens (5-5) at Green Bay Packers (5-5),7e3h53,t3_7e3h53,233,298,nfl
199,Sep-17-2017,Post Game Thread: Chicago Bears at Tampa Bay Buccaneers,70pu82,t3_70pu82,199,230,nfl
200,Nov-05-2017,Post Game Thread: Atlanta Falcons at Carolina Panthers,7b08nh,t3_7b08nh,256,173,nfl
201,Oct-22-2017,Post Game Thread: Tennessee Titans at Cleveland Browns,782hj8,t3_782hj8,272,145,nfl
202,Oct-15-2017,Post Game Thread: Cleveland Browns at Houston Texans,76lafn,t3_76lafn,237,168,nfl
203,Dec-31-2017,Post Game Thread: Arizona Cardinals (8-8) at Seattle Seahawks (9-7),7nc626,t3_7nc626,319,169,nfl
204,Oct-08-2017,Post Game Thread: Buffalo Bills at Cincinnati Bengals,7540cg,t3_7540cg,219,173,nfl
205,Aug-13-2017,Post Game Thread: Detroit Lions at Indianapolis Colts,6thlue,t3_6thlue,205,180,nfl
206,Oct-15-2017,Post Game Thread: Detroit Lions at New Orleans Saints,76lab6,t3_76lab6,219,185,nfl
207,Dec-10-2017,Post Game Thread: Indianapolis Colts (3-10) at Buffalo Bills (7-6),7iwu7a,t3_7iwu7a,258,239,nfl
208,Sep-24-2017,Post Game Thread: Miami Dolphins at New York Jets,727ddr,t3_727ddr,182,224,nfl
209,Dec-31-2017,Post Game Thread: New York Jets (5-11) at New England Patriots (13-3),7nb17g,t3_7nb17g,251,229,nfl
210,Dec-03-2017,Post Game Thread: Cleveland Browns (0-12) at Los Angeles Chargers (6-6),7hdigq,t3_7hdigq,237,219,nfl
211,Oct-08-2017,Post Game Thread: New York Jets at Cleveland Browns,7540ab,t3_7540ab,229,149,nfl
212,Oct-22-2017,Post Game Thread: New York Jets at Miami Dolphins,782him,t3_782him,248,133,nfl
213,Sep-17-2017,Post Game Thread: Buffalo Bills at Carolina Panthers,70pu90,t3_70pu90,194,187,nfl
214,Aug-10-2017,Post Game Thread: Jacksonville Jaguars at New England Patriots,6sybkg,t3_6sybkg,190,162,nfl
215,Aug-19-2017,Post Game Thread: New England Patriots at Houston Texans,6utho4,t3_6utho4,168,188,nfl
216,Dec-03-2017,Post Game Thread: Detroit Lions (6-5) at Baltimore Ravens (6-5),7hce1m,t3_7hce1m,258,184,nfl
217,Sep-24-2017,Post Game Thread: Cleveland Browns at Indianapolis Colts,727d86,t3_727d86,188,165,nfl
218,Oct-01-2017,Post Game Thread: Cincinnati Bengals at Cleveland Browns,73nwmo,t3_73nwmo,215,128,nfl
219,Sep-17-2017,Post Game Thread: New York Jets at Oakland Raiders,70qysy,t3_70qysy,174,184,nfl
220,Dec-31-2017,Post Game Thread: San Francisco 49ers (6-10) at Los Angeles Rams (11-5),7nc2qi,t3_7nc2qi,221,201,nfl
221,Aug-12-2017,Post Game Thread: San Francisco 49ers at Kansas City Chiefs,6t6ex7,t3_6t6ex7,147,203,nfl
222,Nov-26-2017,Post Game Thread: Seattle Seahawks (7-4) at San Francisco 49ers (1-10),7fr1ra,t3_7fr1ra,205,207,nfl
223,Nov-05-2017,Post Game Thread: Tampa Bay Buccaneers at New Orleans Saints,7b08ob,t3_7b08ob,195,142,nfl
224,Nov-12-2017,Post Game Thread: Pittsburgh Steelers at Indianapolis Colts,7chzco,t3_7chzco,201,122,nfl
225,Aug-13-2017,Post Game Thread: Dallas Cowboys at Los Angeles Rams,6td4cz,t3_6td4cz,170,163,nfl
226,Aug-10-2017,Post Game Thread: New Orleans Saints at Cleveland Browns,6syh7c,t3_6syh7c,185,158,nfl
227,Sep-17-2017,Post Game Thread: Washington Redskins at Los Angeles Rams,70r2xo,t3_70r2xo,184,141,nfl
228,Aug-20-2017,Post Game Thread: Chicago Bears at Arizona Cardinals,6uu0al,t3_6uu0al,184,133,nfl
229,Aug-17-2017,Post Game Thread: Buffalo Bills at Philadelphia Eagles,6ueuo1,t3_6ueuo1,167,148,nfl
230,Oct-22-2017,Post Game Thread: Tampa Bay Buccaneers at Buffalo Bills,782hl0,t3_782hl0,166,142,nfl
231,Sep-17-2017,Post Game Thread: Arizona Cardinals at Indianapolis Colts,70pu48,t3_70pu48,194,103,nfl
232,Dec-31-2017,Post Game Thread: Carolina Panthers (11-5) at Atlanta Falcons (10-6),7nc4qf,t3_7nc4qf,246,119,nfl
233,Aug-24-2017,Post Game Thread: Carolina Panthers at Jacksonville Jaguars,6vvrfu,t3_6vvrfu,141,145,nfl
234,Dec-03-2017,Post Game Thread: Denver Broncos (3-8) at Miami Dolphins (4-7),7hchqk,t3_7hchqk,208,129,nfl
235,Nov-26-2017,Post Game Thread: Carolina Panthers (8-3) at New York Jets (4-7),7fpy5y,t3_7fpy5y,174,178,nfl
236,Dec-10-2017,Post Game Thread: Dallas Cowboys (7-6) at New York Giants (2-11),7iwr09,t3_7iwr09,165,187,nfl
237,Nov-26-2017,Post Game Thread: Tampa Bay Buccaneers (4-7) at Atlanta Falcons (7-4),7fpq49,t3_7fpq49,172,186,nfl
238,Dec-17-2017,Post Game Thread: Cincinnati Bengals (5-9) at Minnesota Vikings (11-3),7kgdnl,t3_7kgdnl,125,218,nfl
239,Oct-08-2017,Post Game Thread: San Francisco 49ers at Indianapolis Colts,7540bh,t3_7540bh,152,132,nfl
240,Dec-03-2017,Post Game Thread: New York Giants (2-10) at Oakland Raiders (6-6),7hdn90,t3_7hdn90,209,125,nfl
241,Dec-31-2017,Post Game Thread: Jacksonville Jaguars (10-6) at Tennessee Titans (9-7),7nc3xx,t3_7nc3xx,224,109,nfl
242,Aug-20-2017,Post Game Thread: New Orleans Saints at Los Angeles Chargers,6v09vy,t3_6v09vy,134,137,nfl
243,Nov-05-2017,Post Game Thread: Indianapolis Colts at Houston Texans,7b08qu,t3_7b08qu,167,104,nfl
244,Sep-24-2017,Post Game Thread: New Orleans Saints at Carolina Panthers,727da6,t3_727da6,108,154,nfl
245,Oct-08-2017,Post Game Thread: Tennessee Titans at Miami Dolphins,75406o,t3_75406o,171,68,nfl
246,Nov-19-2017,Post Game Thread: Cincinnati Bengals (4-6) at Denver Broncos (3-7),7e4uwe,t3_7e4uwe,172,109,nfl
247,Oct-29-2017,Post Game Thread: Atlanta Falcons at New York Jets,79ioan,t3_79ioan,115,135,nfl
248,Dec-31-2017,Post Game Thread: Chicago Bears (5-11) at Minnesota Vikings (13-3),7nb0da,t3_7nb0da,114,173,nfl
249,Dec-10-2017,Post Game Thread: Chicago Bears (4-9) at Cincinnati Bengals (5-8),7iwsuk,t3_7iwsuk,116,162,nfl
250,Aug-10-2017,Post Game Thread: Philadelphia Eagles at Green Bay Packers,6syh69,t3_6syh69,182,65,nfl
251,Aug-19-2017,Post Game Thread: Carolina Panthers at Tennessee Titans,6urxuc,t3_6urxuc,123,111,nfl
252,Nov-26-2017,Post Game Thread: Tennessee Titans (7-4) at Indianapolis Colts (3-8),7fpqho,t3_7fpqho,148,123,nfl
253,Aug-19-2017,Post Game Thread: Indianapolis Colts at Dallas Cowboys,6ut70w,t3_6ut70w,105,129,nfl
254,Aug-20-2017,Post Game Thread: Los Angeles Rams at Oakland Raiders,6uu09r,t3_6uu09r,106,126,nfl
255,Aug-24-2017,Post Game Thread: Miami Dolphins at Philadelphia Eagles,6vvlyz,t3_6vvlyz,98,112,nfl
256,Oct-08-2017,Post Game Thread: Baltimore Ravens at Oakland Raiders,7553cb,t3_7553cb,125,90,nfl
257,Dec-17-2017,Post Game Thread: Baltimore Ravens (8-6) at Cleveland Browns (0-14),7kgev2,t3_7kgev2,144,111,nfl
258,Dec-17-2017,Post Game Thread: Houston Texans (4-10) at Jacksonville Jaguars (10-4),7kgh2g,t3_7kgh2g,108,155,nfl
259,Dec-10-2017,Post Game Thread: Washington Redskins (5-8) at Los Angeles Chargers (7-6),7ixzkv,t3_7ixzkv,117,132,nfl
260,Oct-15-2017,Post Game Thread: Tampa Bay Buccaneers at Arizona Cardinals,76mew4,t3_76mew4,104,104,nfl
261,Aug-25-2017,Post Game Thread: Kansas City Chiefs at Seattle Seahawks,6w3bnz,t3_6w3bnz,132,75,nfl
262,Dec-03-2017,Post Game Thread: Houston Texans (4-8) at Tennessee Titans (8-4),7hcjqf,t3_7hcjqf,127,105,nfl
263,Dec-03-2017,Post Game Thread: Los Angeles Rams (9-3) at Arizona Cardinals (5-7),7hdne9,t3_7hdne9,90,150,nfl
264,Dec-24-2017,Post Game Thread: Detroit Lions (8-7) at Cincinnati Bengals (6-9),7lxisd,t3_7lxisd,133,93,nfl
265,Aug-25-2017,Post Game Thread: New England Patriots at Detroit Lions,6w312g,t3_6w312g,127,74,nfl
266,Dec-31-2017,Post Game Thread: Kansas City Chiefs (10-6) at Denver Broncos (5-11),7nc4bk,t3_7nc4bk,154,88,nfl
267,Oct-29-2017,Post Game Thread: Carolina Panthers at Tampa Bay Buccaneers,79io9j,t3_79io9j,103,95,nfl
268,Sep-10-2017,Post Game Thread: New York Jets at Buffalo Bills,6zajs1,t3_6zajs1,86,121,nfl
269,Dec-31-2017,Post Game Thread: New Orleans Saints (11-5) at Tampa Bay Buccaneers (5-11),7nc4mc,t3_7nc4mc,168,79,nfl
270,Dec-31-2017,Post Game Thread: Green Bay Packers (7-9) at Detroit Lions (9-7),7nayia,t3_7nayia,108,117,nfl
271,Aug-26-2017,Post Game Thread: Oakland Raiders at Dallas Cowboys,6wa09s,t3_6wa09s,100,80,nfl
272,Dec-03-2017,Post Game Thread: Indianapolis Colts (3-8) at Jacksonville Jaguars (7-4),7hcd47,t3_7hcd47,112,109,nfl
273,Nov-19-2017,Post Game Thread: Tampa Bay Buccaneers (4-6) at Miami Dolphins (4-6),7e3lnw,t3_7e3lnw,123,85,nfl
274,Nov-05-2017,Post Game Thread: Baltimore Ravens at Tennessee Titans,7b08le,t3_7b08le,97,90,nfl
275,Nov-12-2017,Post Game Thread: Cincinnati Bengals at Tennessee Titans,7chzga,t3_7chzga,82,83,nfl
276,Dec-10-2017,Post Game Thread: Tennessee Titans (8-5) at Arizona Cardinals (6-7),7ixz9w,t3_7ixz9w,134,73,nfl
277,Aug-26-2017,Post Game Thread: Cleveland Browns at Tampa Bay Buccaneers,6w9viu,t3_6w9viu,94,83,nfl
278,Oct-29-2017,Post Game Thread: Indianapolis Colts at Cincinnati Bengals,79io65,t3_79io65,101,65,nfl
279,Aug-27-2017,Post Game Thread: Chicago Bears at Tennessee Titans,6weg2l,t3_6weg2l,86,80,nfl
280,Aug-20-2017,Post Game Thread: Denver Broncos at San Francisco 49ers,6uu095,t3_6uu095,83,85,nfl
281,Dec-17-2017,Post Game Thread: New York Jets (5-9) at New Orleans Saints (10-4),7kgi7m,t3_7kgi7m,100,83,nfl
282,Dec-10-2017,Post Game Thread: Oakland Raiders (6-7) at Kansas City Chiefs (7-6),7iwsxe,t3_7iwsxe,89,109,nfl
283,Nov-19-2017,Post Game Thread: Arizona Cardinals (4-6) at Houston Texans (4-6),7e3j9i,t3_7e3j9i,63,129,nfl
284,Aug-11-2017,Post Game Thread: Tampa Bay Buccaneers at Cincinnati Bengals,6t604c,t3_6t604c,91,65,nfl
285,Aug-12-2017,Post Game Thread: Tennessee Titans at New York Jets,6tcpg9,t3_6tcpg9,80,78,nfl
286,Aug-31-2017,Post Game Thread: Cleveland Browns at Chicago Bears,6xbwjc,t3_6xbwjc,94,57,nfl
287,Aug-31-2017,Post Game Thread: New York Giants at New England Patriots,6xbqwj,t3_6xbqwj,65,86,nfl
288,Dec-17-2017,Post Game Thread: Miami Dolphins (6-8) at Buffalo Bills (8-6),7kgeuw,t3_7kgeuw,98,78,nfl
289,Aug-20-2017,Post Game Thread: Atlanta Falcons at Pittsburgh Steelers,6uz0dl,t3_6uz0dl,112,33,nfl
290,Aug-11-2017,Post Game Thread: Pittsburgh Steelers at New York Giants,6t5uve,t3_6t5uve,104,37,nfl
291,Aug-19-2017,Post Game Thread: Green Bay Packers at Washington Redskins,6utcb8,t3_6utcb8,70,59,nfl
292,Nov-05-2017,Post Game Thread: Arizona Cardinals at San Francisco 49ers,7b1d0k,t3_7b1d0k,79,58,nfl
293,Dec-10-2017,Post Game Thread: Detroit Lions (7-6) at Tampa Bay Buccaneers (4-9),7iwt6g,t3_7iwt6g,71,76,nfl
294,Dec-10-2017,Post Game Thread: New York Jets (5-8) at Denver Broncos (4-9),7ixwrg,t3_7ixwrg,76,71,nfl
295,Aug-10-2017,Post Game Thread: Minnesota Vikings at Buffalo Bills,6sy5q9,t3_6sy5q9,61,60,nfl
296,Dec-24-2017,Post Game Thread: Miami Dolphins (6-9) at Kansas City Chiefs (9-6),7lxj7p,t3_7lxj7p,49,87,nfl
297,Dec-24-2017,Post Game Thread: New York Giants (2-13) at Arizona Cardinals (7-8),7lyimp,t3_7lyimp,71,54,nfl
298,Sep-01-2017,Post Game Thread: Los Angeles Chargers at San Francisco 49ers,6xch7v,t3_6xch7v,25,16,nfl
299,Dec-24-2017,Post Game Thread: Los Angeles Chargers (8-7) at New York Jets (5-10),7lxi3q,t3_7lxi3q,56,76,nfl
300,Aug-27-2017,Post Game Thread: Green Bay Packers at Denver Broncos,6wa90k,t3_6wa90k,65,50,nfl
301,Dec-31-2017,Post Game Thread: Buffalo Bills (9-7) at Miami Dolphins (6-10),7nc5pf,t3_7nc5pf,61,69,nfl
302,Nov-12-2017,Post Game Thread: New York Jets at Tampa Bay Buccaneers,7chzfj,t3_7chzfj,52,58,nfl
303,Aug-13-2017,Post Game Thread: Oakland Raiders at Arizona Cardinals,6tddgt,t3_6tddgt,38,56,nfl
304,Aug-17-2017,Post Game Thread: Baltimore Ravens at Miami Dolphins,6ueun7,t3_6ueun7,51,54,nfl
305,Dec-31-2017,Post Game Thread: Washington Redskins (7-9) at New York Giants (3-13),7naxzt,t3_7naxzt,64,61,nfl
306,Aug-26-2017,Post Game Thread: Houston Texans at New Orleans Saints,6wa08t,t3_6wa08t,52,44,nfl
307,Aug-19-2017,Post Game Thread: New York Jets at Detroit Lions,6utcbv,t3_6utcbv,47,46,nfl
308,Sep-01-2017,Post Game Thread: Arizona Cardinals at Denver Broncos,6xc704,t3_6xc704,79,23,nfl
309,Dec-31-2017,Post Game Thread: Oakland Raiders (6-10) at Los Angeles Chargers (9-7),7nc2e4,t3_7nc2e4,59,42,nfl
310,Dec-24-2017,Post Game Thread: Denver Broncos (5-10) at Washington Redskins (7-8),7lxhia,t3_7lxhia,32,75,nfl
311,Aug-19-2017,Post Game Thread: Kansas City Chiefs at Cincinnati Bengals,6ut71m,t3_6ut71m,37,48,nfl
312,Dec-31-2017,Post Game Thread: Houston Texans (4-12) at Indianapolis Colts (4-12),7naxfr,t3_7naxfr,46,46,nfl
313,Aug-10-2017,Post Game Thread: Washington Redskins at Baltimore Ravens,6sybl8,t3_6sybl8,46,43,nfl
314,Aug-26-2017,Post Game Thread: New York Jets at New York Giants,6w9qih,t3_6w9qih,28,42,nfl
315,Sep-01-2017,Post Game Thread: Seattle Seahawks at Oakland Raiders,6xch71,t3_6xch71,46,39,nfl
316,Aug-10-2017,Post Game Thread: Atlanta Falcons at Miami Dolphins,6sy5pb,t3_6sy5pb,37,36,nfl
317,Dec-17-2017,Post Game Thread: Arizona Cardinals (6-8) at Washington Redskins (6-8),7kgel3,t3_7kgel3,39,31,nfl
318,Aug-26-2017,Post Game Thread: Los Angeles Chargers at Los Angeles Rams,6wa083,t3_6wa083,45,19,nfl
319,Aug-27-2017,Post Game Thread: Cincinnati Bengals at Washington Redskins,6wfmzo,t3_6wfmzo,25,31,nfl
320,Aug-26-2017,Post Game Thread: Arizona Cardinals at Atlanta Falcons,6w9qhm,t3_6w9qhm,18,27,nfl
321,Aug-31-2017,Post Game Thread: Tennessee Titans at Kansas City Chiefs,6xc1pp,t3_6xc1pp,26,12,nfl
322,Aug-26-2017,Post Game Thread: Indianapolis Colts at Pittsburgh Steelers,6w9vhn,t3_6w9vhn,15,22,nfl
323,Aug-31-2017,Post Game Thread: Pittsburgh Steelers at Carolina Panthers,6xbqxd,t3_6xbqxd,18,16,nfl
324,Aug-31-2017,Post Game Thread: Cincinnati Bengals at Indianapolis Colts,6xbleo,t3_6xbleo,17,11,nfl
325,Aug-26-2017,Post Game Thread: Buffalo Bills at Baltimore Ravens,6w9qgx,t3_6w9qgx,9,15,nfl
326,Aug-31-2017,Post Game Thread: Philadelphia Eagles at New York Jets,6xbldt,t3_6xbldt,13,8,nfl
327,Aug-31-2017,Post Game Thread: Miami Dolphins at Minnesota Vikings,6xbwkw,t3_6xbwkw,10,10,nfl
328,Aug-31-2017,Post Game Thread: Los Angeles Rams at Green Bay Packers,6xblcd,t3_6xblcd,6,13,nfl
329,Aug-31-2017,Post Game Thread: Detroit Lions at Buffalo Bills,6xblbj,t3_6xblbj,10,8,nfl
330,Aug-31-2017,Post Game Thread: Washington Redskins at Tampa Bay Buccaneers,6xbqyd,t3_6xbqyd,6,12,nfl
331,Aug-31-2017,Post Game Thread: Baltimore Ravens at New Orleans Saints,6xbwk9,t3_6xbwk9,9,6,nfl
332,Aug-31-2017,Post Game Thread: Jacksonville Jaguars at Atlanta Falcons,6xbld3,t3_6xbld3,8,6,nfl
