,submission_title,comment_id,author,author_flair,score,comment_name,comment_fullname,comment_is_root,comment_parent,comment_created,comment_created_utc,comment_created_utc_datetime,comment_created_utc_date,comment_created_utc_time,comment_depth,comment_body,submission_id,submission_created_utc,home_team,away_team,combined,date,week,day,date.1,time,winner,at,loser,boxscore,ptsw,ptsl,ydsw,tow,ydsl,tol,home_team.1,away_team.1
0,Game Thread: Arizona Cardinals (0-0) at Dallas Cowboys (0-0),dl4xlrs,The_Other_Manning,Patriots - Bandwagon,484,t1_dl4xlrs,t1_dl4xlrs,True,6rggif,1501836185.0,1501807385.0,2017-08-03 20:43:05,03-08-17,20:43:05,0,I feel like I'm watching a video game with great graphics and physics but it doesn't have NFL licensing so they can't use real players likenesses,6rggif,1501803005.0,Dallas Cowboys,Arizona Cardinals,Dallas CowboysArizona Cardinals,8/3/17,Preseason,,,,,,,,,,,,,,,
1,Game Thread: Arizona Cardinals (0-0) at Dallas Cowboys (0-0),dl4uaev,GazzaGary,Broncos,641,t1_dl4uaev,t1_dl4uaev,True,6rggif,1501831822.0,1501803022.0,2017-08-03 19:30:22,03-08-17,19:30:22,0,http://i.imgur.com/aNf3ZqL,6rggif,1501803005.0,Dallas Cowboys,Arizona Cardinals,Dallas CowboysArizona Cardinals,8/3/17,Preseason,,,,,,,,,,,,,,,
2,Game Thread: Arizona Cardinals (0-0) at Dallas Cowboys (0-0),dl4xgjk,Bilbo_Brogins,,804,t1_dl4xgjk,t1_dl4xgjk,True,6rggif,1501836007.0,1501807207.0,2017-08-03 20:40:07,03-08-17,20:40:07,0,"""what a horrible throw by Dak"" 

""Tony, Dak isn't playing""

""**WHAT A HORRIBLE THROW BY DAK**""",6rggif,1501803005.0,Dallas Cowboys,Arizona Cardinals,Dallas CowboysArizona Cardinals,8/3/17,Preseason,,,,,,,,,,,,,,,
3,Game Thread: Arizona Cardinals (0-0) at Dallas Cowboys (0-0),dl4wgtk,bp1108,Cowboys,422,t1_dl4wgtk,t1_dl4wgtk,True,6rggif,1501834778.0,1501805978.0,2017-08-03 20:19:38,03-08-17,20:19:38,0,"Yay, my son just broke my TV.  http://i.imgur.com/2aupjDu.jpg ",6rggif,1501803005.0,Dallas Cowboys,Arizona Cardinals,Dallas CowboysArizona Cardinals,8/3/17,Preseason,,,,,,,,,,,,,,,
4,Game Thread: Arizona Cardinals (0-0) at Dallas Cowboys (0-0),dl4w2dl,EndoExo,Chiefs,363,t1_dl4w2dl,t1_dl4w2dl,True,6rggif,1501834283.0,1501805483.0,2017-08-03 20:11:23,03-08-17,20:11:23,0,"""Imma show 'em I'm starter material!""

*drops opening kickoff*",6rggif,1501803005.0,Dallas Cowboys,Arizona Cardinals,Dallas CowboysArizona Cardinals,8/3/17,Preseason,,,,,,,,,,,,,,,
